first_name,last_name,birthday,mobile_no,email,above_18,membership_id
Jennifer,Vega,19710307,6655 1251,Jennifer_Vega@jenkins.net,true,Vega_91945
Aaron,Wilson,19870517,75053391,Aaron_Wilson@burke-benton.net,true,Wilson_6845c
Samuel,Lee,19740902,57636831,Samuel_Lee@gardner-rodriguez.net,true,Lee_d3d5c
Rebekah,Jackson,19680514,14674871,Rebekah_Jackson@cook.info,true,Jackson_feb2c
Jennifer,Weaver,19781015,74152151,Jennifer_Weaver@patterson.com,true,Weaver_feb81
Timothy,Ortega,19980104,5931 2963,Timothy_Ortega@ramos.com,true,Ortega_17e39
Leonard,Hamilton,19880229,76082775,Leonard_Hamilton@brown.com,true,Hamilton_f2276
Kathy,Phillips,19841216,57829247,Kathy_Phillips@floyd.com,true,Phillips_608c9
Danny,Simmons,19631013,2631 3911,Danny_Simmons@morales.com,true,Simmons_cd946
Jennifer,Jimenez,19921121,59592559,Jennifer_Jimenez@morgan.com,true,Jimenez_5ed59
Penny,Lopez,19540925,9959 6291,Penny_Lopez@young-huang.net,true,Lopez_7b621
Victoria,Lawson,19541204,24045823,Victoria_Lawson@snyder.com,true,Lawson_c755d
James,Cordova,19580904,9407 5463,James_Cordova@rodriguez.info,true,Cordova_fbd7a
Christopher,Newman,19950925,93133527,Christopher_Newman@campbell.info,true,Newman_d7b88
Michael,Martinez,19521107,40271975,Michael_Martinez@hogan.net,true,Martinez_bc0fc
Kelly,Bailey,19960217,43647431,Kelly_Bailey@cherry.info,true,Bailey_c3f8e
Samantha,Sullivan,19600423,6491 3455,Samantha_Sullivan@cunningham-williams.com,true,Sullivan_61495
Paul,Jones,19940215,91301999,Paul_Jones@clark-irwin.com,true,Jones_f903f
Danielle,Tran,19880826,85246679,Danielle_Tran@mann.com,true,Tran_40aaa
Jeff,Freeman,20030520,13590655,Jeff_Freeman@guzman.com,true,Freeman_35a3d
Justin,White,20010721,34278303,Justin_White@lucas-moore.info,true,White_8c0aa
Rachel,Browning,19611017,19703607,Rachel_Browning@smith.info,true,Browning_9332a
Marissa,Jones,19580806,32094119,Marissa_Jones@lewis.net,true,Jones_cdd9f
Elijah,Roy,19870705,57159015,Elijah_Roy@jones-baldwin.com,true,Roy_57ef7
Courtney,Simpson,19731103,77314887,Courtney_Simpson@preston-cantrell.com,true,Simpson_7383f
Kimberly,Hopkins,19931022,67364511,Kimberly_Hopkins@adams.com,true,Hopkins_56d12
William,King,19841115,21561215,William_King@cline-allen.com,true,King_4ae33
Stephanie,Robertson,20020805,75259367,Stephanie_Robertson@owen-rodriguez.com,true,Robertson_c09d4
Rickey,Hill,19640430,56465207,Rickey_Hill@parker-cohen.com,true,Hill_bd6cc
Erika,Stewart,19851226,83552695,Erika_Stewart@solis.com,true,Stewart_40f40
Gregory,Allen,19780122,4887 1907,Gregory_Allen@stanley.net,true,Allen_c7f06
Christina,Johnson,20010622,30262983,Christina_Johnson@clark.com,true,Johnson_5dcd5
Boyd,PhD,20010327,2859 3615,Valerie_Boyd@marshall-ross.info,true,PhD_6e920
Kelli,Wells,19540308,27406215,Kelli_Wells@jones.com,true,Wells_5c2c0
Gary,Murphy,19991012,96047135,Gary_Murphy@singleton.info,true,Murphy_85129
Nathan,Archer,19560723,72954367,Nathan_Archer@gray.com,true,Archer_c6232
Michael,Kline,19650623,20968343,Michael_Kline@phelps-alvarez.com,true,Kline_6fe75
Joshua,Rodriguez,19530317,27953967,Joshua_Rodriguez@thornton-benitez.com,true,Rodriguez_1eec6
James,Rodriguez,19810717,50981423,James_Rodriguez@logan.com,true,Rodriguez_a7ea3
Robert,Ortega,19600316,57040695,Robert_Ortega@perez.com,true,Ortega_7f647
Teresa,Ruiz,19510904,22432447,Teresa_Ruiz@holmes.com,true,Ruiz_e89df
Madison,Mejia,19530323,73824679,Madison_Mejia@sims.com,true,Mejia_10b0a
James,Bailey,19861007,26146743,James_Bailey@flynn.net,true,Bailey_b3b3b
Mary,Perry,19730808,57879711,Mary_Perry@williams.net,true,Perry_e8625
Crystal,Jones,19620914,39588047,Crystal_Jones@webb.com,true,Jones_85733
Aaron,Brown,19860502,43815191,Aaron_Brown@yates.com,true,Brown_9035e
Brian,Contreras,19650708,8979 4399,Brian_Contreras@hill.net,true,Contreras_91010
Tanya,Barajas,19740430,92793871,Tanya_Barajas@davis.com,true,Barajas_c09f8
Ashley,Frost,19521020,1647 3423,Ashley_Frost@brown-hill.com,true,Frost_ddfa1
Samantha,Rasmussen,19940621,26634223,Samantha_Rasmussen@stokes-leon.com,true,Rasmussen_0fcc4
Erica,Weber,19930809,2007 4939,Erica_Weber@harris-fox.com,true,Weber_b3165
Amanda,Campbell,19810324,2195 4431,Amanda_Campbell@parker.com,true,Campbell_fe47b
Dawn,Miranda,19550922,5927 4615,Dawn_Miranda@werner.info,true,Miranda_c4610
Vincent,Martin,19840124,55457087,Vincent_Martin@wright-lee.com,true,Martin_92713
Tony,Crawford,19870818,15997263,Tony_Crawford@moore.com,true,Crawford_a2a35
Randy,Sullivan,19611025,15665967,Randy_Sullivan@perez.net,true,Sullivan_7d828
Kimberly,Thompson,20001211,88531623,Kimberly_Thompson@brewer-walters.net,true,Thompson_77cc8
William,Hopkins,20010104,1227 7875,William_Hopkins@snyder.com,true,Hopkins_cfbfa
Martin,Compton,19840602,42037887,Martin_Compton@morgan.com,true,Compton_395a9
Hayley,Gibson,19990812,50365367,Hayley_Gibson@calderon.info,true,Gibson_3c4f9
Anthony,Gross,19660423,9219 3723,Anthony_Gross@pratt.com,true,Gross_9a287
Tracy,Brown,19720823,26044711,Tracy_Brown@joyce.com,true,Brown_8baf8
James,Stanley,20011008,5135 1887,James_Stanley@beltran.com,true,Stanley_a95cd
Norma,Jenkins,19570323,7807 1863,Norma_Jenkins@larson.com,true,Jenkins_e5537
Leslie,Preston,19720510,71892959,Leslie_Preston@johns.com,true,Preston_d0922
Crystal,Valdez,20030802,6559 8575,Crystal_Valdez@stewart-randolph.com,true,Valdez_ddc44
Jay,Parker,19930930,57583783,Jay_Parker@fowler.net,true,Parker_311d6
Lance,Williams,19730807,19310567,Lance_Williams@williams.net,true,Williams_44d67
Carl,Taylor,19750112,2707 5015,Carl_Taylor@melendez.com,true,Taylor_10cf5
Brenda,Dean,19690215,5503 7019,Brenda_Dean@allison-hill.com,true,Dean_33bcc
Kathleen,Allen,19860113,38829559,Kathleen_Allen@cook.com,true,Allen_b02ca
Patricia,Olsen,19981124,7067 3187,Patricia_Olsen@haynes-blankenship.com,true,Olsen_98e22
Marie,Lamb,19790410,26841263,Marie_Lamb@hampton.com,true,Lamb_5dc6d
Nathan,Flores,19790409,86883135,Nathan_Flores@gibbs.net,true,Flores_a43fb
Brandon,Gonzalez,19620131,80247655,Brandon_Gonzalez@moore.info,true,Gonzalez_a73bb
Chase,Reed,19580821,58795239,Chase_Reed@robbins.info,true,Reed_d45f4
Ashley,Caldwell,19880903,13420663,Ashley_Caldwell@mason-bryant.com,true,Caldwell_aa013
David,Frank,19680928,3119 2639,David_Frank@reyes-thomas.com,true,Frank_97c93
William,Dunn,19570101,57063847,William_Dunn@wilkins.info,true,Dunn_e5398
Heather,Boyle,20030301,9167 9575,Heather_Boyle@lopez.com,true,Boyle_b1a10
Lindsay,Brewer,19530818,38137071,Lindsay_Brewer@brown-stewart.info,true,Brewer_a5019
Renee,Martin,19810421,55803823,Renee_Martin@crawford-walker.com,true,Martin_caab2
Shelly,Warren,19560812,11973823,Shelly_Warren@patterson-knight.info,true,Warren_f5e11
Keith,Parker,19640826,40120471,Keith_Parker@moore.com,true,Parker_0793e
Thomas,Turner,19730528,12514951,Thomas_Turner@boyer-santos.info,true,Turner_cf891
Ernest,Blake,19990621,2715 5511,Ernest_Blake@long.com,true,Blake_ed155
Edward,Pearson,19880227,49439343,Edward_Pearson@hester-richardson.info,true,Pearson_19b26
Melissa,Levy,19500330,51842935,Melissa_Levy@arroyo.com,true,Levy_bef91
Brandon,Powell,19760606,43375815,Brandon_Powell@craig-gonzales.net,true,Powell_fe4b6
Holloway,MD,19720102,7375 1431,Lisa_Holloway@brown.com,true,MD_485d0
Kimberly,Stone,19940512,25323999,Kimberly_Stone@murphy-bryant.com,true,Stone_1d9aa
Adam,Jones,19730316,55082935,Adam_Jones@ashley.com,true,Jones_575ba
Michael,Smith,19680424,1363 8487,Michael_Smith@mccarthy-hayes.info,true,Smith_1c856
Richard,Tucker,19710625,5383 8335,Richard_Tucker@murphy.com,true,Tucker_0eb60
Elizabeth,Andersen,19740123,69096535,Elizabeth_Andersen@baker.com,true,Andersen_61066
Destiny,Lutz,19940412,87853607,Destiny_Lutz@thompson-wright.com,true,Lutz_3427f
Brandy,Allen,19810113,92130799,Brandy_Allen@hardy-griffin.com,true,Allen_54dd1
Stephanie,Decker,19770905,92626639,Stephanie_Decker@barrett.net,true,Decker_0c2ca
Michelle,Keller,19510607,56139711,Michelle_Keller@johnson.com,true,Keller_80065
Loretta,Haynes,19891215,73871583,Loretta_Haynes@stewart.info,true,Haynes_ac7ab
Stacey,Yates,19921208,30115967,Stacey_Yates@lewis.com,true,Yates_0613f
Sue,Lee,19860829,97367575,Sue_Lee@rojas.com,true,Lee_f9df7
Anna,Long,19740316,52566967,Anna_Long@coleman.com,true,Long_850ab
Annette,Watson,19580423,67851175,Annette_Watson@brown-brennan.com,true,Watson_6dc0c
Robert,Perez,19690528,3887 6643,Robert_Perez@anderson-shaw.net,true,Perez_6ff11
Beverly,Leon,19931108,5063 8447,Beverly_Leon@vance.info,true,Leon_02485
James,Thomas,19520509,58718239,James_Thomas@torres.net,true,Thomas_6cc50
Kelli,Olson,19960723,50265023,Kelli_Olson@campbell.net,true,Olson_50aa7
Becky,Reid,19751027,37025287,Becky_Reid@vargas.net,true,Reid_1bdd4
Wesley,Shaw,19830121,76819471,Wesley_Shaw@henderson-gibson.com,true,Shaw_afe1c
Pamela,Boyd,19680628,25030751,Pamela_Boyd@freeman.com,true,Boyd_94bd7
Jeremy,Lewis,19530107,44159519,Jeremy_Lewis@murray.com,true,Lewis_644d9
Jennifer,Garza,19890603,31999455,Jennifer_Garza@herrera-klein.com,true,Garza_be6d1
Larry,Wilson,19670221,5615 8527,Larry_Wilson@perry.com,true,Wilson_0ce7d
Joshua,Thompson,19840830,9899 9803,Joshua_Thompson@morrow.com,true,Thompson_9e058
Dennis,Williams,19661107,9399 3079,Dennis_Williams@rivas.com,true,Williams_874b3
Karen,Morton,19910410,3683 8791,Karen_Morton@romero.com,true,Morton_e4bde
Melinda,Fitzpatrick,19620408,3211 3511,Melinda_Fitzpatrick@davis.info,true,Fitzpatrick_c8092
Joseph,Perry,19510616,16254071,Joseph_Perry@tucker.com,true,Perry_b530f
Heather,Herman,19710606,97877423,Heather_Herman@williams-lindsey.com,true,Herman_0ab62
Laura,Lopez,19901221,72627367,Laura_Lopez@rodriguez.com,true,Lopez_ea347
Joel,Webb,19891009,3783 9071,Joel_Webb@solis-swanson.com,true,Webb_5b693
Donna,Malone,19521007,8903 8207,Donna_Malone@brown.com,true,Malone_73ad1
Reginald,Barnes,19730214,19884399,Reginald_Barnes@walker-robinson.com,true,Barnes_f462c
Kayla,Brown,19891018,54681543,Kayla_Brown@pierce.info,true,Brown_1ccca
Brett,House,19841126,9811 4087,Brett_House@rose-clarke.com,true,House_3cb13
Robert,Weaver,19820218,39131199,Robert_Weaver@young-leonard.com,true,Weaver_201e1
Beth,Martinez,19681225,87909191,Beth_Martinez@johnson.com,true,Martinez_204f4
Nicole,Small,19570414,8255 3335,Nicole_Small@nolan-randall.com,true,Small_09b68
Anthony,Cline,19890125,6423 1171,Anthony_Cline@rivera-collier.net,true,Cline_d04f7
Spencer,Ware,19801009,74599951,Spencer_Ware@montgomery-lane.com,true,Ware_0b5e6
Willie,Erickson,19910110,53673855,Willie_Erickson@bartlett.com,true,Erickson_3df9d
Robert,Howard,19670717,80566095,Robert_Howard@kim.info,true,Howard_a8620
Daniel,Nguyen,19590903,37673823,Daniel_Nguyen@mccall.com,true,Nguyen_6a5e7
Tiffany,Brown,20030217,2775 5951,Tiffany_Brown@stout-thompson.com,true,Brown_1d91b
Leonard,Martinez,19560922,14452319,Leonard_Martinez@mcbride.com,true,Martinez_7564a
Thomas,Forbes,19591023,2503 6935,Thomas_Forbes@beck.com,true,Forbes_60d80
Robert,Stephens,20000619,92784815,Robert_Stephens@lopez.com,true,Stephens_5a6e3
Kevin,Mayo,19761029,7623 4311,Kevin_Mayo@pope-jones.com,true,Mayo_d6f2e
Daniel,Chen,19520716,46750383,Daniel_Chen@little.com,true,Chen_7d3b1
Samuel,Dalton,19960916,75194711,Samuel_Dalton@marquez.com,true,Dalton_32ce4
Heather,Bennett,20020105,64795847,Heather_Bennett@hamilton-blair.com,true,Bennett_dcbc8
Joshua,King,20000106,99342223,Joshua_King@hale.net,true,King_89592
Jasmine,Flores,19561004,21325447,Jasmine_Flores@collins.info,true,Flores_3b7a4
Randy,Moyer,20030617,3295 8939,Randy_Moyer@jennings-brown.com,true,Moyer_839f3
Crystal,Blake,19701117,97878511,Crystal_Blake@parker.com,true,Blake_e7660
Beth,Morales,19860530,22507695,Beth_Morales@leon-mayer.info,true,Morales_9779b
Heather,Combs,19590428,1851 8647,Heather_Combs@powell.com,true,Combs_2d19f
Amanda,Evans,19590224,92559519,Amanda_Evans@cox.com,true,Evans_62a52
Trevor,Valenzuela,19910911,67310711,Trevor_Valenzuela@cline-espinoza.info,true,Valenzuela_0342c
Sergio,Day,19510531,27091295,Sergio_Day@guzman-garrett.com,true,Day_69b70
Julie,Boyd,19690906,47949079,Julie_Boyd@white-george.com,true,Boyd_9e514
Tara,Barnes,19540801,4223 2079,Tara_Barnes@shepherd.com,true,Barnes_bc727
Logan,Watkins,20000511,87081215,Logan_Watkins@hernandez.com,true,Watkins_c9964
Steven,Ortiz,19670605,15073183,Steven_Ortiz@hamilton.com,true,Ortiz_c84c2
Lisa,Marquez,19710326,18443671,Lisa_Marquez@day-smith.com,true,Marquez_7aa36
Sergio,Hughes,19810309,8695 4943,Sergio_Hughes@cardenas.com,true,Hughes_0c3d2
Destiny,Rojas,19860121,2735 1983,Destiny_Rojas@stanton.com,true,Rojas_1f285
Danny,Lewis,19521225,4103 6747,Danny_Lewis@turner.com,true,Lewis_07faf
Jennifer,Martin,19830527,83212175,Jennifer_Martin@moore.com,true,Martin_82381
Arthur,Chandler,19610210,18438007,Arthur_Chandler@martin.com,true,Chandler_4ab75
Cheryl,Crosby,19580930,5403 2091,Cheryl_Crosby@bowman-potter.com,true,Crosby_9b4b3
Ronald,Hudson,19511003,66192423,Ronald_Hudson@carson.com,true,Hudson_01af1
Jennifer,Lee,19500104,35305031,Jennifer_Lee@guerra-lopez.com,true,Lee_d7999
Gregory,Yoder,19530620,75705319,Gregory_Yoder@robinson-johnson.com,true,Yoder_70108
Carolyn,Harmon,19980124,55977599,Carolyn_Harmon@watts-horn.com,true,Harmon_69598
Christopher,Harrell,19700630,52999479,Christopher_Harrell@lindsey.com,true,Harrell_7257b
Kevin,Johnson,19930802,15154639,Kevin_Johnson@rogers.com,true,Johnson_a67f3
Michael,Harrison,19510819,29087871,Michael_Harrison@franklin.com,true,Harrison_087c8
Samantha,George,19890331,58989271,Samantha_George@golden.info,true,George_60252
Terry,Moore,19870615,19828167,Terry_Moore@barker-ayers.com,true,Moore_c62aa
James,Rogers,19930704,65821255,James_Rogers@green.net,true,Rogers_656af
Kathleen,Tran,19740211,20044927,Kathleen_Tran@wilson.net,true,Tran_b0eca
Bryan,Martinez,19610406,45478631,Bryan_Martinez@bennett-mitchell.info,true,Martinez_223e6
Jacqueline,Conway,19710617,91842383,Jacqueline_Conway@robinson-carson.com,true,Conway_ae427
Chad,Clark,19610919,5427 7383,Chad_Clark@hodges.com,true,Clark_35061
Maxwell,Cole,19510203,41796463,Maxwell_Cole@larson.com,true,Cole_92aa4
Bethany,Williamson,19540310,40227935,Bethany_Williamson@flores.com,true,Williamson_2b72a
Joseph,Wright,19570521,40768583,Joseph_Wright@powell.net,true,Wright_f1b73
Thomas,Rogers,19970819,3607 2875,Thomas_Rogers@banks-perkins.net,true,Rogers_3818b
Jenny,Lewis,19970706,6247 5987,Jenny_Lewis@flores.com,true,Lewis_11948
Heidi,Bolton,19560616,58079023,Heidi_Bolton@spencer.com,true,Bolton_06e0a
Daniel,Lewis,19770205,48084439,Daniel_Lewis@robertson.com,true,Lewis_e0082
Dale,Ramirez,19550323,59875791,Dale_Ramirez@patton.com,true,Ramirez_63293
Carol,Sharp,19750312,18014567,Carol_Sharp@garcia-lamb.com,true,Sharp_7f0b3
Joseph,Buck,19520311,34270063,Joseph_Buck@jacobs.com,true,Buck_542b9
Lynn,Anderson,19960113,75488911,Lynn_Anderson@williams-carter.com,true,Anderson_542fb
Emily,Andrews,19550427,2059 4859,Emily_Andrews@reyes-singh.com,true,Andrews_bbb39
Sarah,Harris,20010530,52442775,Sarah_Harris@thomas-sanchez.com,true,Harris_526ca
Victor,Owens,19960815,53064383,Victor_Owens@collins.com,true,Owens_620f1
Kimberly,Koch,19870125,35893839,Kimberly_Koch@rodriguez.net,true,Koch_43971
Allison,Obrien,19620423,81154631,Allison_Obrien@bailey-sanders.com,true,Obrien_00e34
John,Rogers,19710905,21046575,John_Rogers@oneill.com,true,Rogers_160f6
Laura,Bailey,19700811,5655 1543,Laura_Bailey@snyder.com,true,Bailey_13f67
Janet,Collins,19840721,89424095,Janet_Collins@farrell.com,true,Collins_120bd
Kathy,White,20000615,91622367,Kathy_White@wang.info,true,White_fae51
Trevor,Brown,19691030,45715591,Trevor_Brown@stokes.info,true,Brown_2e40b
Brandon,Murphy,19550409,33155895,Brandon_Murphy@luna.info,true,Murphy_b47e0
Kristin,Lawson,19760111,36661711,Kristin_Lawson@salinas.com,true,Lawson_cbf97
James,Castaneda,19640126,64715807,James_Castaneda@miller-hart.com,true,Castaneda_7660a
Michael,Middleton,19810804,8511 4431,Michael_Middleton@williams-zamora.com,true,Middleton_02dfc
Robert,Ortiz,19761108,80296223,Robert_Ortiz@saunders-hunter.com,true,Ortiz_66abd
Connie,Harper,19950627,21369119,Connie_Harper@lewis.com,true,Harper_709ac
Debbie,Burns,19830806,95570935,Debbie_Burns@salinas.com,true,Burns_f2b3a
Kyle,Morales,19991113,32120287,Kyle_Morales@perry.info,true,Morales_d8cee
Gabriel,Preston,19961120,88336263,Gabriel_Preston@black.com,true,Preston_b6298
Steven,Hodges,19510903,6579 5715,Steven_Hodges@sanchez-phillips.com,true,Hodges_0c95a
Brandon,Orozco,19870717,59988495,Brandon_Orozco@greene.com,true,Orozco_02d2b
Kari,Nguyen,19991119,47980591,Kari_Nguyen@farley.com,true,Nguyen_6f546
Brittany,Hill,19870605,90817791,Brittany_Hill@rogers-hoffman.com,true,Hill_2c87a
Carrie,Martinez,19740124,96107743,Carrie_Martinez@hendrix.com,true,Martinez_a7c33
Jeffery,Hill,19591223,2607 1551,Jeffery_Hill@cook-lloyd.com,true,Hill_e24f9
Linda,White,19751015,84876711,Linda_White@moore.com,true,White_e9960
Jake,Spencer,20020509,53533879,Jake_Spencer@murphy.com,true,Spencer_c21d7
Joseph,Chan,19660922,19544079,Joseph_Chan@hutchinson-gutierrez.com,true,Chan_f9d1e
Sara,Dominguez,19860220,6911 4407,Sara_Dominguez@delgado.com,true,Dominguez_40133
Kathleen,Ali,19960602,45338687,Kathleen_Ali@horn-rogers.com,true,Ali_a2746
Danielle,Stephens,19610929,16838823,Danielle_Stephens@miller.net,true,Stephens_baaae
Steve,Ellis,19651213,55567535,Steve_Ellis@barton.info,true,Ellis_7b029
Ann,Wolf,19801112,2691 6187,Ann_Wolf@wilkins.com,true,Wolf_dbc29
Brianna,Schaefer,19761203,34700887,Brianna_Schaefer@nelson-mcmahon.com,true,Schaefer_ac7f3
Angela,Morris,19760702,89409391,Angela_Morris@murray.com,true,Morris_9ba0c
Cristian,Kelley,19510108,2227 2647,Cristian_Kelley@taylor-colon.net,true,Kelley_f3101
Jeffrey,Turner,19840112,3015 2387,Jeffrey_Turner@robinson.com,true,Turner_a2281
Jesse,Perry,19691013,4547 1479,Jesse_Perry@marsh.net,true,Perry_1c3c6
Ricardo,Cruz,19780205,8343 6279,Ricardo_Cruz@salazar-manning.com,true,Cruz_7bf56
Jessica,Smith,19510531,97984639,Jessica_Smith@walsh-steele.com,true,Smith_69b70
Marcus,Villarreal,19561228,2519 9927,Marcus_Villarreal@parsons-rogers.info,true,Villarreal_ea2af
Brenda,Long,19510914,45992583,Brenda_Long@carter.net,true,Long_f0fca
Megan,Taylor,19930510,12610975,Megan_Taylor@montgomery.com,true,Taylor_757b6
Kelly,Morales,19800227,44799815,Kelly_Morales@sanchez.com,true,Morales_3cabc
Sheri,Johnson,19880422,34118127,Sheri_Johnson@lucas.com,true,Johnson_5c594
Lori,Pacheco,19620630,94662495,Lori_Pacheco@ayala.com,true,Pacheco_7ccf5
Sandra,Schmidt,19590711,50638143,Sandra_Schmidt@herrera.com,true,Schmidt_be25c
Rachel,Hill,19541202,55824367,Rachel_Hill@gutierrez.com,true,Hill_2b641
Emily,Case,19850508,90216215,Emily_Case@lewis.com,true,Case_1fe51
Seth,Alvarez,19800108,90929927,Seth_Alvarez@conrad.com,true,Alvarez_af321
Jose,Reyes,19700929,94563263,Jose_Reyes@garcia.com,true,Reyes_0a636
Zachary,Le,19851028,56441999,Zachary_Le@whitaker.com,true,Le_44e84
Rhonda,Anthony,19740915,12850551,Rhonda_Anthony@lawson.com,true,Anthony_91ec3
Joseph,Hill,20020923,89902687,Joseph_Hill@rodriguez-newton.com,true,Hill_0d4d9
Erin,Davis,19600917,22992863,Erin_Davis@sanchez.net,true,Davis_dbcb2
Lucas,Brown,19891101,34675679,Lucas_Brown@miller.com,true,Brown_1ebf8
William,Garcia,19850912,25729991,William_Garcia@powell.com,true,Garcia_72e9b
Lauren,Swanson,19610921,85204407,Lauren_Swanson@pena-pierce.com,true,Swanson_b3ea5
John,Frank,19500519,42691023,John_Frank@martin.com,true,Frank_4dfb9
Tony,Perry,19730910,1123 1827,Tony_Perry@lewis-holland.com,true,Perry_d9da1
Nicole,Schmidt,19651109,86157423,Nicole_Schmidt@stephens.com,true,Schmidt_54bf2
Nathan,Gray,19960618,48983767,Nathan_Gray@scott-gonzalez.com,true,Gray_15cd6
Julia,Chapman,19800101,8871 9991,Julia_Chapman@davis-lee.info,true,Chapman_02c5b
Nichole,Delgado,19720305,60338223,Nichole_Delgado@dixon-cruz.com,true,Delgado_f68ba
Raven,Ford,19960213,1351 9207,Raven_Ford@mcdowell.com,true,Ford_36701
Kelly,Hunter,19870507,4651 6271,Kelly_Hunter@fuller.info,true,Hunter_d0fea
Marcus,Rodriguez,19690511,23424599,Marcus_Rodriguez@jones.com,true,Rodriguez_3a35b
Daniel,Grimes,19821126,6151 8103,Daniel_Grimes@keith.com,true,Grimes_2efc5
Samuel,Solomon,19871230,26166751,Samuel_Solomon@wolf.net,true,Solomon_23bae
Katrina,Miller,19540308,81240247,Katrina_Miller@grimes.com,true,Miller_5c2c0
Raymond,Conner,19970128,95736583,Raymond_Conner@oneal-johnson.com,true,Conner_71970
Cory,Garcia,19550202,8655 5943,Cory_Garcia@evans-benson.com,true,Garcia_14ae7
Lori,Fuller,19680101,54288255,Lori_Fuller@gordon.com,true,Fuller_9068b
Corey,Wilson,19531011,39467535,Corey_Wilson@hoover-hernandez.com,true,Wilson_da57e
Denise,Dominguez,19660628,2823 5547,Denise_Dominguez@long.com,true,Dominguez_db12a
Holly,James,19641104,62732175,Holly_James@macdonald.com,true,James_e7a3a
Alicia,Mccarty,19820916,57669519,Alicia_Mccarty@beasley.com,true,Mccarty_a4b9d
Zoe,Christian,19990319,22170983,Zoe_Christian@grant.com,true,Christian_90eb3
Nicholas,Watson,19620403,72181751,Nicholas_Watson@williams.com,true,Watson_61db6
Shirley,Ruiz,19720812,2375 9691,Shirley_Ruiz@house-gay.com,true,Ruiz_956d3
Victoria,Wood,19910622,13955959,Victoria_Wood@proctor-baker.com,true,Wood_67f27
Jillian,Knight,19881108,20417711,Jillian_Knight@davenport.com,true,Knight_10192
Ryan,Fisher,19871030,63505855,Ryan_Fisher@fletcher.com,true,Fisher_27703
Stephanie,Howe,19630905,37283343,Stephanie_Howe@allen.com,true,Howe_a7c94
Kenneth,Kim,19990505,37818767,Kenneth_Kim@duran.com,true,Kim_c0e4a
Andrew,Macias,19661013,28232535,Andrew_Macias@douglas.com,true,Macias_a4116
Lisa,Jackson,19730114,8239 3203,Lisa_Jackson@morton-lowe.com,true,Jackson_89ce6
Elizabeth,Huffman,19580918,15486151,Elizabeth_Huffman@zamora.com,true,Huffman_fb25a
Christina,Stone,19930320,34449775,Christina_Stone@medina.com,true,Stone_9ab9f
Miranda,Mata,19930124,6163 2395,Miranda_Mata@martin.com,true,Mata_53cfc
Martin,Garza,19741221,28343727,Martin_Garza@morris.info,true,Garza_565a5
Alexander,Merritt,19800913,33574735,Alexander_Merritt@butler.net,true,Merritt_696fd
Austin,Alexander,19950418,1263 8703,Austin_Alexander@ortiz.com,true,Alexander_12438
Kelly,Sanders,19520413,29703695,Kelly_Sanders@coleman.com,true,Sanders_e9c2f
Matthew,Jones,20000615,98616991,Matthew_Jones@arnold.com,true,Jones_fae51
Donna,Juarez,19550612,6031 3867,Donna_Juarez@sanders-briggs.com,true,Juarez_ab899
Sarah,David,19981216,97218247,Sarah_David@collier.net,true,David_39e9f
Carmen,Barajas,19810526,34685455,Carmen_Barajas@smith.com,true,Barajas_62836
Angela,Johnson,19840827,62439103,Angela_Johnson@stewart.com,true,Johnson_5dcba
Melissa,Sparks,19930802,27530863,Melissa_Sparks@sanchez-stevenson.com,true,Sparks_a67f3
Rebecca,Serrano,19650726,4839 6631,Rebecca_Serrano@martin.com,true,Serrano_c59d5
Katherine,Hill,19830918,37709951,Katherine_Hill@tran.com,true,Hill_e971e
Kristin,Hart,19661217,36255543,Kristin_Hart@ortega.com,true,Hart_3b264
Jacqueline,Ho,19610131,75359367,Jacqueline_Ho@henry.com,true,Ho_73551
Tyler,Rodriguez,19691123,3831 6039,Tyler_Rodriguez@nelson.com,true,Rodriguez_c3743
Michael,Knight,19870408,71412263,Michael_Knight@davidson.com,true,Knight_e66ab
Heather,Arroyo,19790709,36165719,Heather_Arroyo@martinez.com,true,Arroyo_44022
Lori,Larson,19630807,38397103,Lori_Larson@flowers.com,true,Larson_06714
Lindsay,Lopez,19820123,6251 9943,Lindsay_Lopez@foster.net,true,Lopez_b6ee8
David,Vazquez,19900612,57160871,David_Vazquez@davila-beck.com,true,Vazquez_13d09
Amber,Mathis,19680426,41337495,Amber_Mathis@jensen-jensen.info,true,Mathis_68b34
Jessica,Knight,19680528,21071591,Jessica_Knight@mcdowell-jones.info,true,Knight_513c8
Jessica,Chavez,19950325,68367639,Jessica_Chavez@oliver.info,true,Chavez_302a3
Grace,Phillips,19690531,71945055,Grace_Phillips@foley-davis.info,true,Phillips_fab0b
Karen,Salazar,19950502,8939 4439,Karen_Salazar@wu-cohen.com,true,Salazar_cf1ae
Sherry,Hicks,19611127,12514111,Sherry_Hicks@stout-nicholson.com,true,Hicks_5e5f2
Sarah,Davila,19790906,46685303,Sarah_Davila@nash.com,true,Davila_1977b
Karen,Oneill,19921004,72265879,Karen_Oneill@gomez.com,true,Oneill_7278c
Nicholas,Mills,19631001,68844231,Nicholas_Mills@williams.com,true,Mills_f511a
Kim,Hull,20030619,6919 8923,Kim_Hull@king.com,true,Hull_d0117
Jennifer,Montgomery,19710715,53834071,Jennifer_Montgomery@estrada-cole.com,true,Montgomery_1a334
Cynthia,Bailey,19790825,48942719,Cynthia_Bailey@oneill.com,true,Bailey_13beb
John,Wright,19831019,96650335,John_Wright@harris.com,true,Wright_fefcf
Kelsey,Miller,19781107,4567 6055,Kelsey_Miller@anderson-green.com,true,Miller_d6676
Sheila,Brown,19821128,32490999,Sheila_Brown@stevens-edwards.com,true,Brown_565a7
Ashley,Johnson,19860627,40141375,Ashley_Johnson@duarte.info,true,Johnson_8ef4f
Lisa,Moore,19941119,99493567,Lisa_Moore@ramos.com,true,Moore_a6529
Brianna,Haynes,19980401,1215 3303,Brianna_Haynes@garcia.com,true,Haynes_dd4da
Julian,Newman,19580313,49873159,Julian_Newman@haynes.com,true,Newman_15a27
Thomas,Ferguson,19591213,28787319,Thomas_Ferguson@guzman.com,true,Ferguson_fb458
David,Swanson,20021220,1675 3799,David_Swanson@gregory.com,true,Swanson_0be9c
Kathryn,Dyer,19591210,5787 3103,Kathryn_Dyer@walker.com,true,Dyer_7b5ce
Lauren,Rodriguez,19931016,27106623,Lauren_Rodriguez@soto.com,true,Rodriguez_a9b99
Jeffrey,Rodriguez,19900331,5647 2143,Jeffrey_Rodriguez@trujillo.com,true,Rodriguez_f1303
Richard,Anderson,19580607,66751511,Richard_Anderson@white.com,true,Anderson_7118f
Andrea,Huynh,19890929,2679 9851,Andrea_Huynh@dixon-smith.com,true,Huynh_1735e
Brian,Allen,19560101,9323 3303,Brian_Allen@conway.com,true,Allen_013af
Jacqueline,Peck,19590210,6051 2219,Jacqueline_Peck@smith-miller.com,true,Peck_723a2
Jessica,Lee,19670124,89410823,Jessica_Lee@brown-baxter.com,true,Lee_7f12f
Martin,Allen,20020924,99969439,Martin_Allen@steele.com,true,Allen_7a4f2
Jason,Mcdaniel,19650403,6859 1887,Jason_Mcdaniel@wood.com,true,Mcdaniel_50061
Angela,Mitchell,19690105,50190223,Angela_Mitchell@moreno-evans.com,true,Mitchell_06d3f
Derrick,Sanchez,19700424,97980535,Derrick_Sanchez@mitchell.com,true,Sanchez_9f266
Christine,Ellis,19980617,69393823,Christine_Ellis@blackwell.com,true,Ellis_b9ff0
Alyssa,Salinas,19980710,41363847,Alyssa_Salinas@robbins.com,true,Salinas_8ad1c
Kevin,Walsh,19920805,63251375,Kevin_Walsh@hamilton.net,true,Walsh_8cd29
Stuart,Daniels,20020317,3855 1603,Stuart_Daniels@castro.com,true,Daniels_c934d
Kenneth,Knox,19990626,47904991,Kenneth_Knox@zamora.com,true,Knox_d64ed
Steve,Mitchell,19751027,98789479,Steve_Mitchell@adkins-russell.com,true,Mitchell_1bdd4
Craig,Hendricks,19951018,51721063,Craig_Hendricks@garcia-higgins.com,true,Hendricks_a352c
Ricky,Kerr,19510625,43238807,Ricky_Kerr@gonzalez-martinez.com,true,Kerr_a02d8
Gloria,Aguilar,19690606,69773231,Gloria_Aguilar@dorsey-donaldson.com,true,Aguilar_d3661
Hall,PhD,19711007,5395 4823,Gerald_Hall@kim-chapman.com,true,PhD_0bc14
Alexander,Knight,19740812,41639975,Alexander_Knight@doyle.com,true,Knight_7e064
Joseph,Cross,19530126,35750023,Joseph_Cross@mason-shaw.net,true,Cross_36c08
Myers,PhD,19720920,49665991,Joel_Myers@smith-willis.net,true,PhD_1466d
Michael,Mckee,20000917,87409327,Michael_Mckee@gordon.com,true,Mckee_92c0e
Roy,Park,19551029,69451423,Roy_Park@rodriguez-west.com,true,Park_a639e
Lisa,Smith,19580819,99884935,Lisa_Smith@black.info,true,Smith_f312f
Jonathan,Castro,19700409,95059239,Jonathan_Castro@sandoval.com,true,Castro_49d90
Richard,Carroll,19610526,61422551,Richard_Carroll@massey-gardner.com,true,Carroll_78391
Ashley,Wright,19810823,27446295,Ashley_Wright@callahan-dixon.info,true,Wright_7a20b
Michelle,Fletcher,19831024,15665159,Michelle_Fletcher@anderson.com,true,Fletcher_e6fff
Carol,Murphy,19640317,54241135,Carol_Murphy@lowe.com,true,Murphy_ecd95
Michael,Russell,19680308,24280095,Michael_Russell@orozco.com,true,Russell_203e4
Shawna,Andrews,19981115,12022295,Shawna_Andrews@freeman.com,true,Andrews_776f9
Dana,Hernandez,19940126,50236391,Dana_Hernandez@jackson.com,true,Hernandez_3d7b1
Amanda,Bernard,19860211,52780943,Amanda_Bernard@gilmore.info,true,Bernard_cc2c8
Lauren,Harris,19780811,42605007,Lauren_Harris@long.com,true,Harris_e20bd
Sean,Morales,20030920,50605207,Sean_Morales@molina.com,true,Morales_867f3
Andrea,Dennis,19570926,1715 3399,Andrea_Dennis@smith-goodman.com,true,Dennis_14df3
John,Mendoza,19850519,85845135,John_Mendoza@mahoney.com,true,Mendoza_fa60d
Jeremy,Krueger,19830715,3735 8751,Jeremy_Krueger@haley.com,true,Krueger_b37c9
Sierra,Mcdaniel,20030713,77274903,Sierra_Mcdaniel@mata.com,true,Mcdaniel_4de3f
Wendy,Smith,19700128,60349279,Wendy_Smith@smith-webb.com,true,Smith_85c0b
Leslie,Diaz,19570430,57506727,Leslie_Diaz@thomas-shelton.com,true,Diaz_0bd1d
Grant,Snyder,19731031,23872143,Grant_Snyder@gonzales.com,true,Snyder_d3f05
Brandi,Jenkins,19651228,79308567,Brandi_Jenkins@miller.com,true,Jenkins_27fe6
Amy,Haynes,19600314,41563455,Amy_Haynes@levy.com,true,Haynes_18bc2
Nicole,Watson,19660712,2259 9395,Nicole_Watson@simmons.info,true,Watson_e796d
John,Roberts,19540315,16513279,John_Roberts@hendricks.com,true,Roberts_d606a
Carrie,Nelson,19510609,49242255,Carrie_Nelson@archer-murphy.com,true,Nelson_fde1d
Jacob,Hood,19560208,24204143,Jacob_Hood@evans.com,true,Hood_bb6b9
Tracy,Charles,19931108,62200511,Tracy_Charles@rowe.com,true,Charles_02485
Heather,Miller,19530128,3703 5727,Heather_Miller@taylor.net,true,Miller_28ba0
Brandon,Johnson,19851003,60862935,Brandon_Johnson@ramirez.com,true,Johnson_8eba4
Kevin,Cook,19780913,7123 9915,Kevin_Cook@cox-stewart.com,true,Cook_a5121
Mary,Moore,19670720,5107 3987,Mary_Moore@knight.info,true,Moore_4ebab
Derrick,Lane,19890916,6583 7219,Derrick_Lane@yates.com,true,Lane_24958
Wendy,Nelson,19650108,59119063,Wendy_Nelson@day.com,true,Nelson_f7fc3
Jasmine,Ramsey,19500407,16447279,Jasmine_Ramsey@jackson.com,true,Ramsey_843ef
William,Beltran,19850313,16495975,William_Beltran@bean.com,true,Beltran_b42ac
Albert,Jefferson,19841117,3291 9607,Albert_Jefferson@diaz-bailey.com,true,Jefferson_84127
Jessica,Ferguson,19670129,7803 3235,Jessica_Ferguson@young.com,true,Ferguson_8004f
Gerald,Stuart,19950810,98421991,Gerald_Stuart@strong.net,true,Stuart_42d02
Jacob,Vaughan,19830908,69615007,Jacob_Vaughan@martinez.com,true,Vaughan_40056
Matthew,Fuentes,19660329,33411447,Matthew_Fuentes@miranda.com,true,Fuentes_0598c
April,Carpenter,19710929,97274415,April_Carpenter@page.com,true,Carpenter_4acee
Rachel,Garcia,19961021,87786127,Rachel_Garcia@neal.com,true,Garcia_d383b
Patrick,Madden,19941101,35389647,Patrick_Madden@sanders.com,true,Madden_d8100
Angela,Myers,19740126,59457063,Angela_Myers@rodriguez.com,true,Myers_96365
Wayne,Baker,19671227,92067207,Wayne_Baker@brown.com,true,Baker_726e6
Haley,Cox,19641001,27911351,Haley_Cox@lewis.com,true,Cox_c2d50
Dan,Sanders,19500813,30043759,Dan_Sanders@klein-hernandez.com,true,Sanders_65a5d
Timothy,Boyle,19840608,4903 3195,Timothy_Boyle@roach.net,true,Boyle_7540a
Thomas,Fisher,19850415,99090999,Thomas_Fisher@phillips.com,true,Fisher_cd40a
Taylor,Lopez,19570522,17889439,Taylor_Lopez@jones-salazar.com,true,Lopez_d2a7d
Ortiz,MD,19590706,9159 1279,Cynthia_Ortiz@mathis.com,true,MD_fed1f
Jeffrey,Macias,19900310,98485783,Jeffrey_Macias@cox.com,true,Macias_76606
Brian,Drake,19621102,83466007,Brian_Drake@hurst-price.net,true,Drake_1697c
Anna,Austin,19991122,8375 8091,Anna_Austin@mcguire.com,true,Austin_69ddb
Joel,Clark,19580712,6515 9231,Joel_Clark@mcclain.com,true,Clark_b1291
Deborah,Olson,19570805,9211 8339,Deborah_Olson@greene.com,true,Olson_4c0a6
Michael,Love,20020321,4103 3095,Michael_Love@rodriguez-martinez.net,true,Love_01195
Crystal,Fletcher,19610115,34430647,Crystal_Fletcher@lawrence.info,true,Fletcher_d66cd
Timothy,Jordan,19991228,77411263,Timothy_Jordan@young.com,true,Jordan_26d57
Kathy,Leblanc,19810227,69067343,Kathy_Leblanc@warren-gray.com,true,Leblanc_25e89
William,Floyd,19720713,27758191,William_Floyd@duran.com,true,Floyd_ee7c0
Angela,Hayden,19960623,28574351,Angela_Hayden@barry.net,true,Hayden_44dbe
Renee,Hodges,19871228,63899519,Renee_Hodges@hamilton.com,true,Hodges_c3205
Samantha,Miller,19650406,41451647,Samantha_Miller@mcmahon.com,true,Miller_b1a7b
Nicole,Perry,19530822,81236407,Nicole_Perry@ford.info,true,Perry_a0904
Daniel,Arnold,19971009,88076335,Daniel_Arnold@kaiser-robinson.info,true,Arnold_5b344
Lauren,Orozco,20000126,71540231,Lauren_Orozco@sanchez.com,true,Orozco_32e5d
Destiny,Johns,19731201,8923 3575,Destiny_Johns@hayes.com,true,Johns_bd350
Jennifer,Davis,19931018,7251 3603,Jennifer_Davis@nguyen.com,true,Davis_d9ba6
April,Owen,19670923,16552967,April_Owen@sanchez.com,true,Owen_1c1c8
Evan,Russell,19590120,75209343,Evan_Russell@ferguson.net,true,Russell_eeae9
Jordan,Cruz,19580323,4235 5435,Jordan_Cruz@clark-dickerson.com,true,Cruz_a019e
Edward,Brooks,20000404,92929919,Edward_Brooks@lane.info,true,Brooks_5ee94
Brent,Castaneda,19580307,80875871,Brent_Castaneda@garcia.com,true,Castaneda_1e9a5
Gregory,Peters,19900902,78256247,Gregory_Peters@ray.net,true,Peters_62c2d
Jason,Malone,19550503,4727 8299,Jason_Malone@allen.com,true,Malone_82057
Matthew,Salazar,19991211,50895327,Matthew_Salazar@jones-jones.com,true,Salazar_8a391
Martin,Morris,19930810,4719 3651,Martin_Morris@garcia.com,true,Morris_ed007
Natasha,Martinez,19680418,55194439,Natasha_Martinez@west.com,true,Martinez_fa7cb
Charles,Powell,19970906,47215879,Charles_Powell@knight.com,true,Powell_89e26
Brian,Powell,19591115,67153775,Brian_Powell@hernandez.com,true,Powell_c3379
Laura,Sandoval,19860913,17475623,Laura_Sandoval@brown.com,true,Sandoval_6592d
Charles,Gonzalez,19710404,94465511,Charles_Gonzalez@navarro.com,true,Gonzalez_bc4a4
Nicholas,Caldwell,19770714,42525999,Nicholas_Caldwell@hurley-bass.com,true,Caldwell_92d76
Brian,Wyatt,19581211,63631399,Brian_Wyatt@wright-young.com,true,Wyatt_ac546
Ryan,Garcia,19930815,26856535,Ryan_Garcia@vazquez-wells.com,true,Garcia_a540e
Megan,Anderson,19700729,21736903,Megan_Anderson@wilson-murillo.com,true,Anderson_a86c0
Pamela,Hughes,19870613,40181295,Pamela_Hughes@charles-costa.com,true,Hughes_5403f
Tiffany,Scott,19861110,76272207,Tiffany_Scott@davis.com,true,Scott_af31d
Stanley,Conway,19850905,71853567,Stanley_Conway@adams.com,true,Conway_b17c3
Christine,Campbell,19821028,2999 6463,Christine_Campbell@white.info,true,Campbell_054c1
Yolanda,Petty,19910125,69674519,Yolanda_Petty@dunlap-brown.com,true,Petty_89b4f
Emily,Oneal,19580118,4915 2079,Emily_Oneal@gutierrez.com,true,Oneal_1a34f
Kirk,Donaldson,19791230,36131119,Kirk_Donaldson@roberts-mills.info,true,Donaldson_c6b02
Tara,Jones,19850303,49275455,Tara_Jones@blankenship.net,true,Jones_7290c
Karen,Shaw,19750106,81014367,Karen_Shaw@trujillo.info,true,Shaw_34013
Christine,Cohen,19940621,8023 2231,Christine_Cohen@rich-bell.com,true,Cohen_0fcc4
Daniel,Gutierrez,19571103,9379 9931,Daniel_Gutierrez@santana-bryan.com,true,Gutierrez_8e2f3
George,Williams,19810319,69991287,George_Williams@patton.com,true,Williams_c20d3
Lori,Allen,20020916,28175727,Lori_Allen@valdez-phillips.com,true,Allen_8c000
Charles,Kelly,19690401,62777351,Charles_Kelly@dalton.com,true,Kelly_0c61d
Jonathan,Villa,19751203,80471287,Jonathan_Villa@suarez.com,true,Villa_19bdd
Cindy,Jackson,19670727,60954247,Cindy_Jackson@garcia-burch.com,true,Jackson_40b1b
Scott,Williams,19800308,85799255,Scott_Williams@keller-wong.com,true,Williams_10ae3
Dylan,Hernandez,19950301,31405951,Dylan_Hernandez@singleton-johnson.com,true,Hernandez_04544
Michelle,Garcia,19801017,52895823,Michelle_Garcia@lynch.com,true,Garcia_6967c
Matthew,Bailey,19870728,39436023,Matthew_Bailey@benjamin.com,true,Bailey_255ab
Kristin,Edwards,19820603,2243 5107,Kristin_Edwards@short.com,true,Edwards_e7bbf
Kristen,Kirk,19590823,9799 3751,Kristen_Kirk@ayers.com,true,Kirk_079a3
Ruth,Carrillo,19790905,4375 1451,Ruth_Carrillo@paul.com,true,Carrillo_d036e
Jacob,Stephenson,19541111,7535 9427,Jacob_Stephenson@larson-stevenson.net,true,Stephenson_dd890
Curtis,Flynn,19780926,58787463,Curtis_Flynn@cook-drake.com,true,Flynn_066c3
Thomas,Perez,19630220,96377439,Thomas_Perez@greene-lopez.com,true,Perez_7a5c3
Sheri,Kline,19940609,33546343,Sheri_Kline@hinton.com,true,Kline_e724e
Jeff,Baker,19670424,57871767,Jeff_Baker@bentley.com,true,Baker_4cd37
William,Powell,19670721,7183 2243,William_Powell@harrell.com,true,Powell_d1cfb
Shannon,Thomas,19680903,18892279,Shannon_Thomas@dawson-alexander.com,true,Thomas_2a3b9
Jeffrey,Murray,19821221,27473887,Jeffrey_Murray@jones.net,true,Murray_8d3f7
Carla,Jackson,19940715,4427 5151,Carla_Jackson@morris.com,true,Jackson_5ae26
Eric,Hoffman,19750425,99871415,Eric_Hoffman@lang.info,true,Hoffman_f0c23
Kristin,Wagner,19970129,66045343,Kristin_Wagner@clayton.com,true,Wagner_83f4e
Kathleen,Rodriguez,19671005,6539 7891,Kathleen_Rodriguez@frost-james.com,true,Rodriguez_3b414
Nicole,Shea,19560102,28795599,Nicole_Shea@mcclure.com,true,Shea_abeb3
Patty,Smith,19750827,59428759,Patty_Smith@ross.com,true,Smith_c7677
Sarah,Jacobson,19580309,6107 1779,Sarah_Jacobson@mclean-jacobs.info,true,Jacobson_e151e
Wang,DDS,19600311,25595367,Sean_Wang@gibson-calderon.com,true,DDS_04168
Richard,Estrada,19921015,22821527,Richard_Estrada@malone.com,true,Estrada_0bf5b
Jackson,Cline,19710121,48056519,Jackson_Cline@hudson.net,true,Cline_825fb
Allen,Williams,19971109,77991519,Allen_Williams@sanchez.net,true,Williams_3e726
Eric,Flores,19820107,36641663,Eric_Flores@dillon-patterson.com,true,Flores_f6828
Anna,Richardson,19670223,64083047,Anna_Richardson@perry.com,true,Richardson_ef158
Benjamin,Smith,19871223,9583 5639,Benjamin_Smith@christian-contreras.com,true,Smith_9625b
Taylor,Gomez,19821022,24007567,Taylor_Gomez@johnston.com,true,Gomez_876bf
Jeremy,Rodriguez,19780828,32567967,Jeremy_Rodriguez@roth.com,true,Rodriguez_93ac7
April,Garcia,19871231,24650447,April_Garcia@hall.com,true,Garcia_26b55
Sharon,Garza,20020830,59411567,Sharon_Garza@duran.com,true,Garza_40199
Lori,Sanchez,19980420,76989167,Lori_Sanchez@hardin-warner.net,true,Sanchez_364a7
Joseph,Reed,19511220,1879 8163,Joseph_Reed@kelley.com,true,Reed_3bc34
Jason,Armstrong,19921116,68514503,Jason_Armstrong@curtis.com,true,Armstrong_e2fb8
Jessica,Allison,19721030,66821135,Jessica_Allison@harper.com,true,Allison_0c21b
Hall,MD,19940311,65493407,Arthur_Hall@gonzalez.com,true,MD_5eccd
Sherry,Meza,19970409,33491119,Sherry_Meza@west.com,true,Meza_5bcfa
Matthew,Turner,19940707,73291455,Matthew_Turner@martinez.com,true,Turner_0303a
Jeffrey,Bauer,19660813,5115 4803,Jeffrey_Bauer@garza.com,true,Bauer_18f68
Sophia,Randolph,19500807,94510479,Sophia_Randolph@leonard-ramirez.com,true,Randolph_76c7a
Marissa,Matthews,19720221,2063 6447,Marissa_Matthews@graves.com,true,Matthews_2a414
Samuel,Thompson,19840304,99063183,Samuel_Thompson@sanchez-carroll.com,true,Thompson_8382b
Zachary,Lee,19870704,36447751,Zachary_Lee@smith.com,true,Lee_76cce
Kara,Pittman,19680525,80502567,Kara_Pittman@gomez-vaughn.com,true,Pittman_44c4d
James,Smith,19660225,85794215,James_Smith@perez-cole.info,true,Smith_0547b
Charles,Ruiz,19680113,8515 8255,Charles_Ruiz@sullivan-jones.com,true,Ruiz_1546f
Rachel,Shaw,19581223,6651 1687,Rachel_Shaw@stevenson-martinez.com,true,Shaw_45468
James,Miller,19710831,6491 7031,James_Miller@nguyen.com,true,Miller_d11a8
Gabriella,Anthony,19970106,89108943,Gabriella_Anthony@castro.com,true,Anthony_ebd30
Misty,Cantrell,19570303,79619831,Misty_Cantrell@flores-decker.com,true,Cantrell_b19eb
Kelly,Guerrero,19970203,53052583,Kelly_Guerrero@riggs.com,true,Guerrero_d55cb
David,Nichols,19620819,62269575,David_Nichols@rocha.com,true,Nichols_9226a
Shawn,Galloway,19850419,17471367,Shawn_Galloway@johnston.com,true,Galloway_1a4d2
Fernando,Salazar,19720419,7119 2443,Fernando_Salazar@humphrey.com,true,Salazar_88b5f
Dennis,Sanford,19800806,88084407,Dennis_Sanford@lopez-archer.com,true,Sanford_c7e24
Leah,Myers,19860905,65720823,Leah_Myers@nichols-davies.info,true,Myers_1ef89
Amanda,Murphy,20000730,30501351,Amanda_Murphy@bright-gibbs.net,true,Murphy_0851c
Bobby,Martin,20000331,43871143,Bobby_Martin@jackson.com,true,Martin_35f44
Daniel,Miller,20000119,86343895,Daniel_Miller@jackson.info,true,Miller_da4de
Lauren,Jones,19870724,9651 2831,Lauren_Jones@castaneda.com,true,Jones_3cea3
Vernon,Bishop,19730710,78396487,Vernon_Bishop@clark-larson.com,true,Bishop_b0506
Phillip,Meyers,19601022,95409119,Phillip_Meyers@mcneil-williams.com,true,Meyers_2871d
Nicholas,Hubbard,19641224,36966279,Nicholas_Hubbard@day.info,true,Hubbard_944d1
Jeremy,Strickland,19501223,2015 1487,Jeremy_Strickland@adkins.com,true,Strickland_c13f0
Whitney,Wallace,19780930,97125103,Whitney_Wallace@valdez.info,true,Wallace_72049
Robert,Martin,19500718,78547615,Robert_Martin@crawford.com,true,Martin_6f48d
Marc,Davis,19800520,9659 7403,Marc_Davis@harris.com,true,Davis_7d08d
William,Taylor,19860131,42996791,William_Taylor@warner-morgan.net,true,Taylor_4fbc5
Alyssa,Pierce,19680516,9583 9991,Alyssa_Pierce@ruiz.com,true,Pierce_133dc
Michael,Brady,19500323,65342263,Michael_Brady@wells-sanders.com,true,Brady_bd431
James,Rhodes,19771010,27465295,James_Rhodes@green.com,true,Rhodes_df266
Ryan,Ramirez,19850425,67907071,Ryan_Ramirez@pham.com,true,Ramirez_5ff32
Stephen,Thompson,19511112,75033031,Stephen_Thompson@hess.com,true,Thompson_52cd0
Susan,Williams,19761205,95688383,Susan_Williams@rowland.com,true,Williams_3b0d4
Nancy,Aguilar,19950811,9751 6423,Nancy_Aguilar@lane.com,true,Aguilar_ad5a0
Jessica,Williams,19730824,2647 2931,Jessica_Williams@thomas-martin.com,true,Williams_b7835
Dylan,Johnson,19960107,52048815,Dylan_Johnson@montgomery.com,true,Johnson_d53b7
Pamela,King,19930929,72515095,Pamela_King@soto.net,true,King_01148
Robert,Smith,19870424,76366335,Robert_Smith@joyce.com,true,Smith_634dd
Samantha,Gonzalez,19980829,40456647,Samantha_Gonzalez@rios-fletcher.com,true,Gonzalez_31e9a
Adam,Huang,19991030,19505759,Adam_Huang@brown.info,true,Huang_a78d0
Terry,Pierce,19640910,9151 8459,Terry_Pierce@warner-reyes.com,true,Pierce_68d7c
Jeffery,Walker,19560624,46574799,Jeffery_Walker@watson.com,true,Walker_ba5b7
Todd,Alvarez,19741125,42011263,Todd_Alvarez@vaughn.com,true,Alvarez_7bc5d
John,Henry,19670306,49860879,John_Henry@blake.info,true,Henry_064f4
Brett,Willis,19610908,86342007,Brett_Willis@gibbs.com,true,Willis_d0046
Louis,Klein,19651220,3367 1863,Louis_Klein@phillips-allen.com,true,Klein_43163
Kristin,Wilkins,20020511,84393855,Kristin_Wilkins@harvey.com,true,Wilkins_48a0a
Joshua,Lynch,19650526,71572839,Joshua_Lynch@daniels.com,true,Lynch_49515
Deborah,Williams,19841121,11357647,Deborah_Williams@howard.com,true,Williams_e69d3
Timothy,Martin,20030501,92008191,Timothy_Martin@camacho-sparks.net,true,Martin_6cf84
Sarah,Bright,19981115,24327743,Sarah_Bright@winters.com,true,Bright_776f9
Rebecca,Anderson,19730827,27023231,Rebecca_Anderson@carter-ramirez.com,true,Anderson_48071
Roger,Frost,19700217,94120431,Roger_Frost@cole-robinson.com,true,Frost_5ba4a
Toni,Dunn,19800831,8967 4459,Toni_Dunn@chapman.com,true,Dunn_8edbe
Eric,Dunn,19601207,13714207,Eric_Dunn@reese.com,true,Dunn_84e93
Heather,Pierce,19570813,32413999,Heather_Pierce@williams-edwards.com,true,Pierce_1096d
Jordan,Erickson,19750802,64756655,Jordan_Erickson@martinez.com,true,Erickson_6b984
Susan,Ali,19990105,74229143,Susan_Ali@leach.com,true,Ali_f361f
Richard,Wilson,19990703,36349175,Richard_Wilson@hernandez.com,true,Wilson_f0626
Jon,Butler,19870318,78121695,Jon_Butler@blackwell.com,true,Butler_a60e8
Rose,Stanton,19650830,19285375,Rose_Stanton@coleman.info,true,Stanton_2eff0
Paul,Phillips,19970216,11213063,Paul_Phillips@vance.com,true,Phillips_01acd
Adam,Parker,19980722,27783391,Adam_Parker@yoder.com,true,Parker_5ebc0
Cory,Walker,19621208,37614935,Cory_Walker@torres.net,true,Walker_a21be
Jeffrey,Sanchez,19950914,73226919,Jeffrey_Sanchez@jones-butler.com,true,Sanchez_cf3c9
Bianca,Martin,19780205,86924127,Bianca_Martin@mitchell.com,true,Martin_7bf56
Jeffrey,King,19770623,68622991,Jeffrey_King@hicks-boyd.com,true,King_2f8a4
George,Stark,19700414,45068735,George_Stark@ortiz.info,true,Stark_9f140
Shelly,Mcdaniel,19951028,8659 9403,Shelly_Mcdaniel@little.com,true,Mcdaniel_ab5b4
Melanie,Wiggins,20000214,91699615,Melanie_Wiggins@mcdonald-rice.com,true,Wiggins_c46e0
Daniel,Smith,19860308,26613823,Daniel_Smith@cummings.com,true,Smith_e0b77
Christopher,Smith,19810707,4259 4715,Christopher_Smith@lamb.com,true,Smith_216c5
Marc,Love,19550722,9679 6419,Marc_Love@martin.com,true,Love_95197
Scott,Lawrence,19760104,59217375,Scott_Lawrence@aguilar.com,true,Lawrence_fbccd
James,Sosa,19570811,47053447,James_Sosa@robles-hawkins.com,true,Sosa_84005
Jamie,Jackson,19770526,71512687,Jamie_Jackson@carr.com,true,Jackson_b5943
Jeffrey,Hatfield,19701014,69441735,Jeffrey_Hatfield@morgan-erickson.com,true,Hatfield_bf691
James,Phillips,19611019,89808183,James_Phillips@green-taylor.com,true,Phillips_c68d2
Jessica,Moore,19990905,27155335,Jessica_Moore@harrison-bautista.com,true,Moore_555b6
Debra,Peters,19820804,6911 5179,Debra_Peters@smith.com,true,Peters_6955e
Richard,Anderson,19700405,24730327,Richard_Anderson@peck-franklin.com,true,Anderson_6c12a
Lauren,Hahn,19720620,15132727,Lauren_Hahn@simmons.com,true,Hahn_38908
Matthew,Lucero,19900508,52221639,Matthew_Lucero@bowers-pham.info,true,Lucero_75b53
Joseph,Perez,19740909,6187 6187,Joseph_Perez@ryan.com,true,Perez_a30c9
Faith,Edwards,19770726,44653063,Faith_Edwards@price.net,true,Edwards_96edd
Laura,Vargas,19770910,40816943,Laura_Vargas@gallagher-young.com,true,Vargas_b176f
Sarah,Lewis,19810225,37945839,Sarah_Lewis@wyatt.com,true,Lewis_f236b
Brad,Huff,19611227,28207575,Brad_Huff@moore.com,true,Huff_88806
Thomas,Sanchez,19570914,2399 4083,Thomas_Sanchez@cunningham-reid.net,true,Sanchez_a1536
Alexander,Richardson,19581025,34675335,Alexander_Richardson@perez.com,true,Richardson_e102e
Matthew,Moore,20030707,66391671,Matthew_Moore@nichols.com,true,Moore_4788f
Joseph,Howard,19520726,46746383,Joseph_Howard@williams.com,true,Howard_99bdb
Jacqueline,Phillips,19880118,5579 3915,Jacqueline_Phillips@larson.com,true,Phillips_3268f
Anne,Richards,19690609,84963423,Anne_Richards@mccarthy.com,true,Richards_e1b0f
Derek,Thomas,19640724,37329863,Derek_Thomas@green.com,true,Thomas_a6b2a
Joseph,Bonilla,19740508,66912183,Joseph_Bonilla@freeman.com,true,Bonilla_07c60
Gary,Barber,19551112,44790343,Gary_Barber@roberts.net,true,Barber_8e448
Brian,Johnson,19810617,76631695,Brian_Johnson@carr.com,true,Johnson_01409
Christine,Peterson,19741119,57627175,Christine_Peterson@hamilton.com,true,Peterson_d3043
Christopher,Bautista,19940212,48834663,Christopher_Bautista@rodgers.com,true,Bautista_06ca7
Barbara,Krueger,19520322,30905343,Barbara_Krueger@strong.com,true,Krueger_f41b0
Monica,Oconnor,19800107,97887295,Monica_Oconnor@gordon.com,true,Oconnor_5d9be
Peggy,Johnson,19720328,34795631,Peggy_Johnson@berg.com,true,Johnson_317e0
Susan,Herrera,19550826,24027735,Susan_Herrera@gomez.com,true,Herrera_2275e
Andrew,Matthews,19880219,90821359,Andrew_Matthews@ramos-vaughn.com,true,Matthews_33105
Erin,Kennedy,19650109,35865639,Erin_Kennedy@hendricks-mason.com,true,Kennedy_e1e07
Jason,Lopez,19740830,11287127,Jason_Lopez@wood-hill.com,true,Lopez_ad64b
Jerry,Clark,19950928,46859655,Jerry_Clark@perez.com,true,Clark_850e2
Alyssa,Kim,19901108,59732335,Alyssa_Kim@beck-zuniga.com,true,Kim_61638
Courtney,Williams,19990919,27598999,Courtney_Williams@garner.com,true,Williams_225d6
Kevin,Haynes,19690624,7543 3787,Kevin_Haynes@jones.com,true,Haynes_d74e4
John,Hicks,19530912,9539 5487,John_Hicks@weber.com,true,Hicks_c3ab0
Eric,Kennedy,19990522,7799 4331,Eric_Kennedy@mcdonald.com,true,Kennedy_b93e8
Melissa,Wood,19720205,76325591,Melissa_Wood@sharp.info,true,Wood_911d3
Matthew,Nelson,19580127,45515247,Matthew_Nelson@hunt.com,true,Nelson_49b51
Carolyn,Glover,19790714,8783 2791,Carolyn_Glover@walker.com,true,Glover_9a700
Robert,Moore,19550415,19512199,Robert_Moore@young.com,true,Moore_bd6b1
Kelly,Rogers,19940920,47022791,Kelly_Rogers@carr.info,true,Rogers_59ca9
Nicole,Mcgee,19590303,34539135,Nicole_Mcgee@reyes.com,true,Mcgee_84007
Danielle,Hunter,19710811,99947039,Danielle_Hunter@ballard.com,true,Hunter_c76d0
Kelly,Perez,19600519,60614735,Kelly_Perez@ward-wilson.com,true,Perez_016c7
Mary,Odom,19630813,98738367,Mary_Odom@morgan-reynolds.com,true,Odom_e8796
Gibson,II,19610306,75411807,Arthur_Gibson@thompson-thompson.com,true,II_7ade8
Andrea,Page,19720326,59221239,Andrea_Page@murphy-nelson.info,true,Page_d8da3
Brennan,MD,19771113,3791 8255,Katherine_Brennan@garcia.net,true,MD_fbe29
Nathan,Nielsen,19570325,22721639,Nathan_Nielsen@smith-coleman.info,true,Nielsen_d8b9d
Christopher,Miller,19850131,16222031,Christopher_Miller@kelly.com,true,Miller_5a80b
Amber,Hopkins,19750831,15289039,Amber_Hopkins@hall.com,true,Hopkins_7c2f6
Christine,Lara,19590103,7771 6475,Christine_Lara@barnes-lee.com,true,Lara_05622
Nancy,Garcia,19680305,62971303,Nancy_Garcia@lewis-hayden.com,true,Garcia_76b84
Alex,Rhodes,19780913,75808519,Alex_Rhodes@russell.net,true,Rhodes_a5121
Daniel,Bennett,19730228,20776023,Daniel_Bennett@stephens-oneill.com,true,Bennett_1ed65
Kevin,Woodard,19550809,30319911,Kevin_Woodard@lynch.com,true,Woodard_0dee6
Cristina,Gray,19780424,1555 8739,Cristina_Gray@hoover-jones.info,true,Gray_6615d
Todd,Wheeler,19960904,5035 6375,Todd_Wheeler@woods.com,true,Wheeler_62b5f
Linda,Woods,19611127,8119 5711,Linda_Woods@diaz.com,true,Woods_5e5f2
Alan,Peterson,19760129,88993663,Alan_Peterson@burch.com,true,Peterson_9e709
Jacob,Grant,19911204,94196575,Jacob_Grant@cummings.com,true,Grant_46694
Gabrielle,Johnson,19580610,35424207,Gabrielle_Johnson@serrano.com,true,Johnson_aa25e
Anne,Howard,19690610,3519 8251,Anne_Howard@rowe.com,true,Howard_45839
Caleb,Morales,19660329,69459679,Caleb_Morales@collins.com,true,Morales_0598c
James,Dominguez,19881205,49527207,James_Dominguez@black.com,true,Dominguez_e2663
Kathryn,Cardenas,19830508,81016239,Kathryn_Cardenas@skinner.com,true,Cardenas_35ae4
Angel,Johnson,19571128,12270279,Angel_Johnson@anderson.info,true,Johnson_9934c
Jeffrey,Santiago,19750228,93827623,Jeffrey_Santiago@duncan.com,true,Santiago_5cbec
Andrew,Mclaughlin,19730514,66417719,Andrew_Mclaughlin@fitzpatrick-lucas.com,true,Mclaughlin_b2423
Bryan,Porter,19570214,88089671,Bryan_Porter@elliott.com,true,Porter_e9e42
Brendan,Smith,19580516,67839775,Brendan_Smith@williams.com,true,Smith_750a9
Amy,Wilson,19740412,6439 2323,Amy_Wilson@cortez.net,true,Wilson_09540
David,Clark,19850801,4483 4223,David_Clark@fleming.com,true,Clark_f30a3
Erika,Joseph,19810303,5107 5039,Erika_Joseph@romero.com,true,Joseph_f0dcb
Paul,Allen,19681110,44110375,Paul_Allen@jacobs-walker.info,true,Allen_ff1d3
Adam,Morales,19910404,12197423,Adam_Morales@simpson-velazquez.info,true,Morales_7969b
Jeffrey,Hernandez,19891231,76263607,Jeffrey_Hernandez@mcdaniel.com,true,Hernandez_f3251
Michael,Miller,19640520,17581687,Michael_Miller@taylor-moore.com,true,Miller_375ad
Cynthia,Harrington,19790724,4887 9875,Cynthia_Harrington@adams.info,true,Harrington_a9abd
Theresa,Newman,19941129,36575799,Theresa_Newman@perry-scott.com,true,Newman_069d1
Paul,Romero,19601007,98843943,Paul_Romero@middleton-jones.com,true,Romero_7ffde
Kathleen,Ramirez,19550829,4035 1711,Kathleen_Ramirez@banks-wright.com,true,Ramirez_04ceb
Choi,MD,19860718,66675695,Janet_Choi@neal.com,true,MD_e37de
Mark,Bender,19690911,27354911,Mark_Bender@oneal-wilkins.com,true,Bender_b8ade
Abigail,Brown,19800810,15726143,Abigail_Brown@jones-underwood.com,true,Brown_7bef7
Brian,Pham,19860127,35052023,Brian_Pham@allen.info,true,Pham_361af
Antonio,Dominguez,19801115,75861007,Antonio_Dominguez@nichols.com,true,Dominguez_821d7
Tony,Morris,19700805,33280551,Tony_Morris@davis.com,true,Morris_1057d
Randy,Carlson,19550530,51211679,Randy_Carlson@rivera.com,true,Carlson_d8db2
Kirsten,Williams,19511204,2819 3351,Kirsten_Williams@mitchell.info,true,Williams_6f0a4
Mitchell,Pierce,20010824,96845551,Mitchell_Pierce@houston-conway.net,true,Pierce_7e42c
Angela,West,19810427,59397207,Angela_West@anderson-fitzgerald.com,true,West_0afba
Tina,Weaver,19870325,47969919,Tina_Weaver@hoffman-clarke.info,true,Weaver_0a95d
Sherry,Lyons,19980902,4767 2835,Sherry_Lyons@carson-copeland.com,true,Lyons_5c73e
Jennifer,Butler,19511118,1607 9075,Jennifer_Butler@arellano-morris.com,true,Butler_c810e
Kevin,Peters,19670602,28855487,Kevin_Peters@edwards.com,true,Peters_4b936
Jennifer,Ortiz,19810707,2347 6599,Jennifer_Ortiz@waters-cervantes.info,true,Ortiz_216c5
Benjamin,Conway,19551228,23338319,Benjamin_Conway@burton-paul.com,true,Conway_b14b9
Noah,Mccarty,19650620,6471 8427,Noah_Mccarty@rios-oneill.com,true,Mccarty_6f29c
Andrew,Stewart,19511202,19799879,Andrew_Stewart@wong.com,true,Stewart_c3765
Brenda,Jones,19550804,62608823,Brenda_Jones@lang.com,true,Jones_e27fe
Jerry,Shannon,19510505,8623 9787,Jerry_Shannon@sweeney-gibbs.com,true,Shannon_6484d
Blake,Brown,19570615,3483 5327,Blake_Brown@george-kelly.net,true,Brown_75572
Michael,Bowers,20020903,7007 4031,Michael_Bowers@klein-barry.com,true,Bowers_29d22
Shane,Bradley,19760510,32566207,Shane_Bradley@pratt-roberts.info,true,Bradley_00d03
Elizabeth,Bailey,19630101,20218071,Elizabeth_Bailey@stephenson-arnold.com,true,Bailey_5c8a5
James,Cruz,19500730,1875 8595,James_Cruz@bender-harris.com,true,Cruz_a17c6
Kelly,Levy,19940805,74468255,Kelly_Levy@barajas.com,true,Levy_1b739
Tracy,Butler,19570205,4543 5383,Tracy_Butler@allison.info,true,Butler_97580
Thomas,Burton,19750419,14613071,Thomas_Burton@dunn-avery.net,true,Burton_e624b
Kimberly,Garcia,19630801,4139 7407,Kimberly_Garcia@tapia.com,true,Garcia_ea09c
Paul,Peterson,20021225,59148863,Paul_Peterson@bullock.com,true,Peterson_c41f4
Michael,Reilly,19720514,33876967,Michael_Reilly@cooper.net,true,Reilly_1c829
Alejandra,Martinez,19791221,87381327,Alejandra_Martinez@jones.com,true,Martinez_d6f6b
Christina,Mann,19530425,1839 1991,Christina_Mann@watson.info,true,Mann_84bb3
Timothy,Sanders,19521003,63453583,Timothy_Sanders@harrell.com,true,Sanders_e813f
Latoya,Little,19780708,43404335,Latoya_Little@martinez.com,true,Little_9b0c8
Sarah,Harvey,19600331,58520471,Sarah_Harvey@martin-smith.com,true,Harvey_119d2
Aaron,Hansen,19980128,5163 9887,Aaron_Hansen@mckinney.com,true,Hansen_df29c
Melissa,Ortiz,19580729,49637727,Melissa_Ortiz@lee-malone.com,true,Ortiz_84be0
Brooke,Hernandez,19911114,97309975,Brooke_Hernandez@benitez.com,true,Hernandez_bcb5b
Lisa,Livingston,19500423,20519415,Lisa_Livingston@glover.com,true,Livingston_19295
Eugene,Mason,19781213,47810855,Eugene_Mason@gardner.com,true,Mason_6bc9b
Daniel,Cunningham,19730326,78657983,Daniel_Cunningham@cooper.com,true,Cunningham_12799
Alex,Smith,20020503,58965703,Alex_Smith@johnson.com,true,Smith_894dd
Charles,Jennings,19750714,7091 3863,Charles_Jennings@cochran.net,true,Jennings_18c5d
Jessica,Vargas,19810517,48925903,Jessica_Vargas@miller-price.net,true,Vargas_ed53f
Olivia,Clark,19741001,67793735,Olivia_Clark@wade-roberson.com,true,Clark_92a9e
Ricky,Allen,19610619,6143 3467,Ricky_Allen@roberts-mendoza.com,true,Allen_3a518
Cathy,Carney,19970522,31104151,Cathy_Carney@williams.net,true,Carney_0d73a
Ashley,Spencer,19910126,6855 5775,Ashley_Spencer@anderson.com,true,Spencer_c60e6
Victoria,Strickland,19530730,3159 5971,Victoria_Strickland@mccarthy-stewart.com,true,Strickland_c68d2
Patrick,Smith,19720129,7639 8335,Patrick_Smith@molina.net,true,Smith_5b12e
Samuel,West,20020627,5035 4899,Samuel_West@johnson-ryan.net,true,West_15f40
Haley,Baldwin,19650413,31940631,Haley_Baldwin@bush-wolfe.com,true,Baldwin_b3439
Alexander,Wilson,19881111,13893319,Alexander_Wilson@barron-garcia.com,true,Wilson_51998
April,Cole,19610622,65186503,April_Cole@vargas.com,true,Cole_2b0a2
Holly,Riley,19740728,55620431,Holly_Riley@stokes.com,true,Riley_3e1f8
Jeffrey,Poole,19570204,82077439,Jeffrey_Poole@cross.com,true,Poole_23f28
Rachel,Poole,19760807,35095087,Rachel_Poole@jones.net,true,Poole_46b07
Sheena,Ward,19730926,96834175,Sheena_Ward@wilson-mcbride.com,true,Ward_57d0c
Cynthia,Smith,19510509,48760255,Cynthia_Smith@smith.com,true,Smith_8477e
James,Davidson,19551214,67973167,James_Davidson@brown.info,true,Davidson_6ca42
Kevin,Clayton,19750807,25081071,Kevin_Clayton@miller.com,true,Clayton_6ad7d
Deanna,Smith,19510416,5039 5271,Deanna_Smith@cooke.com,true,Smith_774d5
John,Douglas,19990302,2207 2627,John_Douglas@jensen.info,true,Douglas_3ee8d
Sarah,Coleman,19500119,37411775,Sarah_Coleman@novak.com,true,Coleman_db259
Kurt,Butler,19640621,4339 4675,Kurt_Butler@taylor.net,true,Butler_19820
Cody,Becker,19601216,76003567,Cody_Becker@hansen.com,true,Becker_dd317
Molly,Miller,19770511,99947663,Molly_Miller@king-kelly.net,true,Miller_d8bf5
Craig,Bailey,19970713,33032303,Craig_Bailey@hancock-brown.com,true,Bailey_fac5d
Patricia,Gray,19660319,18281751,Patricia_Gray@dawson.com,true,Gray_00c0a
Nelson,DDS,19931002,12978607,Thomas_Nelson@brandt.info,true,DDS_148bf
Rivera,DVM,19500722,35020847,Robert_Rivera@gibson.com,true,DVM_6a7ce
Michelle,Lewis,19830121,64700455,Michelle_Lewis@wiggins-thornton.com,true,Lewis_afe1c
John,Owens,19670424,71230983,John_Owens@callahan.com,true,Owens_4cd37
Sarah,Smith,19680804,22702359,Sarah_Smith@kirk.com,true,Smith_313dd
Nancy,Lucas,19830607,91477863,Nancy_Lucas@aguilar.com,true,Lucas_b2c40
Thomas,Horne,19710718,82457007,Thomas_Horne@floyd.info,true,Horne_46f11
Christina,Murray,19791217,35027583,Christina_Murray@collins-day.com,true,Murray_a46c7
Emma,Berry,19940107,34612959,Emma_Berry@charles.com,true,Berry_c02ad
Christopher,Gross,20031114,49217831,Christopher_Gross@grimes.net,true,Gross_2742d
Jason,Hawkins,19541001,31750255,Jason_Hawkins@adams-hunter.com,true,Hawkins_8aa4f
Jeffrey,Rodriguez,19690718,29947599,Jeffrey_Rodriguez@johnson-white.com,true,Rodriguez_84bf3
Christina,Miller,19530425,92153503,Christina_Miller@marshall-lucas.com,true,Miller_84bb3
Joann,Patel,20031113,83570903,Joann_Patel@king.info,true,Patel_929da
Jonathan,Henry,19810227,6011 3947,Jonathan_Henry@mccoy.info,true,Henry_25e89
Maria,Miller,19941221,86317751,Maria_Miller@roberts.com,true,Miller_208dd
Eileen,Davis,19520404,19544735,Eileen_Davis@knox.com,true,Davis_3a81f
John,Kelley,19960928,9991 9107,John_Kelley@george-barker.com,true,Kelley_336ba
Harry,Miller,19890613,63478047,Harry_Miller@warner-jackson.com,true,Miller_4e2a7
Robert,Hunter,19761021,80356607,Robert_Hunter@foster-woodward.info,true,Hunter_7be8f
Ellen,Montes,19610714,16519759,Ellen_Montes@sellers.com,true,Montes_29eaa
Gregory,Mclean,19610801,38860951,Gregory_Mclean@valencia.com,true,Mclean_3b78d
Angela,Spencer,19980502,18410783,Angela_Spencer@lopez.com,true,Spencer_071ed
Christina,Price,19860805,65381695,Christina_Price@kennedy-tran.com,true,Price_35238
Michael,Morris,19790924,6295 9695,Michael_Morris@nelson.net,true,Morris_05ed3
Amber,Randall,19520910,60506343,Amber_Randall@boyd-freeman.net,true,Randall_fe7f8
Matthew,Morris,19981111,49822607,Matthew_Morris@boyle-novak.com,true,Morris_f9657
Cindy,Blackburn,20001008,86098071,Cindy_Blackburn@bolton.net,true,Blackburn_0c5fb
Matthew,Jacobson,19510412,99110191,Matthew_Jacobson@bishop-thomas.com,true,Jacobson_496c2
Stacy,Jones,19940909,71998399,Stacy_Jones@perez.com,true,Jones_c6f5d
Mike,Hudson,19860807,75936847,Mike_Hudson@wilson-snyder.info,true,Hudson_e8f96
Scott,Zimmerman,19560130,70071511,Scott_Zimmerman@fischer.com,true,Zimmerman_881d6
Dakota,Silva,19791007,41853599,Dakota_Silva@barker-miller.com,true,Silva_80f7f
Spencer,MD,19620226,41992359,Jacob_Spencer@jefferson.net,true,MD_d5b01
Barbara,Hudson,19971028,3319 4551,Barbara_Hudson@robinson-jones.com,true,Hudson_9d670
Sherry,Peterson,19691126,9191 6671,Sherry_Peterson@dillon-barber.com,true,Peterson_c30b8
Austin,Bird,19760515,5371 3179,Austin_Bird@young-stout.com,true,Bird_86853
Matthew,Oliver,19720423,14016935,Matthew_Oliver@mitchell.com,true,Oliver_94edc
Roger,Maddox,19810426,86988519,Roger_Maddox@richards.com,true,Maddox_6974f
Kristin,Higgins,19981219,5807 1267,Kristin_Higgins@leonard.com,true,Higgins_bc84f
Patricia,Martinez,19621202,61469863,Patricia_Martinez@stewart.info,true,Martinez_06dcc
Gilbert,Johnson,19850923,9719 1811,Gilbert_Johnson@jones.com,true,Johnson_e0381
Bryan,Gutierrez,19881118,84795039,Bryan_Gutierrez@short-huerta.net,true,Gutierrez_c61e8
Peter,Schultz,19570829,78301895,Peter_Schultz@shah.com,true,Schultz_5fff4
Smith,MD,19630505,9103 6383,Karen_Smith@washington.com,true,MD_473c4
Justin,Burke,19961202,43401655,Justin_Burke@johnson.com,true,Burke_ea689
Sarah,Ramsey,19640622,63376279,Sarah_Ramsey@hayes.com,true,Ramsey_4c3e8
Michael,Chang,19900209,99632783,Michael_Chang@watkins.com,true,Chang_e27c8
Pamela,Hughes,19570116,32117783,Pamela_Hughes@rivas-garza.com,true,Hughes_bf91b
Jimmy,Morris,19640120,31836895,Jimmy_Morris@hall-watkins.com,true,Morris_25892
Lauren,Romero,20020425,50100783,Lauren_Romero@davis.com,true,Romero_e5750
Hector,Rivera,19560911,2315 3231,Hector_Rivera@oconnor.info,true,Rivera_eee54
Adam,Jones,19570107,83246639,Adam_Jones@kline-reeves.com,true,Jones_2b07e
Michelle,Kidd,19500222,8051 1627,Michelle_Kidd@klein-goodman.com,true,Kidd_ad962
Matthew,Murphy,19600216,18189831,Matthew_Murphy@graham.com,true,Murphy_5dc4e
Jessica,Arroyo,20021019,24971015,Jessica_Arroyo@flores-evans.com,true,Arroyo_a6982
Caleb,Zuniga,19681028,36180711,Caleb_Zuniga@stone.net,true,Zuniga_a2d94
Scott,Bonilla,19861002,81577447,Scott_Bonilla@jones-holmes.info,true,Bonilla_5a96a
Kenneth,Walton,19950309,9335 8011,Kenneth_Walton@anderson.com,true,Walton_dc147
Cheyenne,Moreno,19600912,61341887,Cheyenne_Moreno@hampton.com,true,Moreno_8048c
Yolanda,Morris,19720210,9915 6595,Yolanda_Morris@robles.info,true,Morris_5eb51
Courtney,Lopez,19710810,35323391,Courtney_Lopez@sanders.com,true,Lopez_93fe3
Kenneth,Williamson,19541003,36169599,Kenneth_Williamson@perez.com,true,Williamson_b834c
William,Armstrong,19641118,2511 9611,William_Armstrong@richards.net,true,Armstrong_e8b45
Bruce,Browning,19631113,22984503,Bruce_Browning@robertson-baldwin.com,true,Browning_1f631
Jeremiah,Robertson,19621012,38471223,Jeremiah_Robertson@brooks-patrick.info,true,Robertson_1f1d0
Shannon,Gilbert,19920613,34472903,Shannon_Gilbert@brown-schaefer.com,true,Gilbert_cba39
Amanda,Brown,19541218,52400391,Amanda_Brown@williams.com,true,Brown_cde99
Pedro,Mitchell,19610927,9959 5743,Pedro_Mitchell@sims.com,true,Mitchell_31c89
Riley,Gomez,19810211,20838807,Riley_Gomez@hoffman.com,true,Gomez_010a6
Shelby,Price,19860807,74350543,Shelby_Price@fuller.net,true,Price_e8f96
Scott,Harris,19901214,36307567,Scott_Harris@mullins.com,true,Harris_fc222
Bonnie,Franklin,19880714,22008807,Bonnie_Franklin@gillespie.com,true,Franklin_f8d94
Ashley,Morris,20021001,13085855,Ashley_Morris@marshall.net,true,Morris_73a97
Christopher,Stark,19710307,9471 6219,Christopher_Stark@blackwell.com,true,Stark_91945
Vanessa,Johnson,19601019,8923 6567,Vanessa_Johnson@barber.com,true,Johnson_8fef3
Jack,Jensen,19601229,93571087,Jack_Jensen@kent-williamson.net,true,Jensen_676e2
Daniel,Armstrong,19820714,18991247,Daniel_Armstrong@brown.com,true,Armstrong_f79a4
Susan,Donovan,19690130,85222335,Susan_Donovan@jordan-anderson.com,true,Donovan_6c619
Michael,Serrano,19820711,1279 2543,Michael_Serrano@turner-maldonado.com,true,Serrano_1ec7e
Michael,Powell,19941127,63894311,Michael_Powell@mccall.com,true,Powell_4f74d
Alexander,Lowe,19610508,93074023,Alexander_Lowe@morris.com,true,Lowe_73be1
